{
  "project_info": {
    "project_number": "365190014378",
    "project_id": "testing-23473",
    "storage_bucket": "testing-23473.firebasestorage.app"
  },
  "client": [
    {
      "client_info": {
        "mobilesdk_app_id": "1:365190014378:android:19603796caec25539ef7d3",
        "android_client_info": {
          "package_name": "com.example.filesmanager"
        }
      },
      "oauth_client": [],
      "api_key": [
        {
          "current_key": "AIzaSyCP8H4O5t90RNh_fjM7ZPiTqZpXYeA5eEc"
        }
      ],
      "services": {
        "appinvite_service": {
          "other_platform_oauth_client": []
        }
      }
    },
    {
      "client_info": {
        "mobilesdk_app_id": "1:365190014378:android:e34f4cb63e244bb49ef7d3",
        "android_client_info": {
          "package_name": "com.example.financialcalc"
        }
      },
      "oauth_client": [],
      "api_key": [
        {
          "current_key": "AIzaSyCP8H4O5t90RNh_fjM7ZPiTqZpXYeA5eEc"
        }
      ],
      "services": {
        "appinvite_service": {
          "other_platform_oauth_client": []
        }
      }
    }
  ],
  "configuration_version": "1"
}